Patient ID,25,Classifier Score
2535,99.0,0.10930686018206189
17944,98.0,0.007750778298014335
5644,97.0,0.02420452436726617
5784,93.0,0.0242902269751576
2523,84.0,0.06622447904798139
2516,69.0,0.055897119267007446
2529,54.0,0.04830230945415711
