Patient ID,25,Classifier Score
17944,98.0,0.00785559238395063
2535,98.0,0.11007495133079712
5644,97.0,0.024469473966301596
5784,94.0,0.02455591475779675
2523,78.0,0.06678286744734309
2516,62.0,0.056393484246975434
2529,55.00000000000001,0.04874941207594311
