Patient ID,25,Classifier Score
5644,98.0,0.024469473966301582
2535,97.0,0.110074951330797
5784,94.0,0.024555914757796816
2523,78.0,0.06678286744734314
2516,59.0,0.056393484246975434
2529,55.00000000000001,0.04874941207594311
